GENE: CYP3A5,Unnamed: 1,Unnamed: 2,Unnamed: 3,Unnamed: 4,Unnamed: 5
NG_007938.2 (ATG start),3699C>T,6981A>G,14685G>A,19381G>A,27126_27127insT
Effect on protein (NP_000768.1),p.R28C,splicing defect,splicing defect,p.A337T,p.T346fs
"Position at NC_000007.14 (Homo sapiens chromosome 7, GRCh38.p13)",g.99676198G>A,g.99672916T>C,g.99665212C>T,g.99660516C>T,g.99652771dup
Position at NG_007938.2 (CYP3A5 RefSeqGene; reverse relative to chromosome),g.8801C>T,g.12083A>G,g.19787G>A,g.24483G>A,g.32228dup
rsID,rs55817950,rs776746,rs10264272,rs28383479,rs41303343
CYP3A5 Allele,,,,,
*1,G,T,C,C,A
*3,,C,,,
*6,,,T,,
*7,,,,,AA
*8,A,,,,
*9,,,,T,
